{
  "TOOL": "EZ_USB_SX3_CONFIGURATION_UTILITY",
  "TOOL_VERSION": "1.0_24082020",
  "CONFIG_TABLE_GENERAL": {
    "SIGNATURE": "CY",
    "CONFIG_TABLE_CHECKSUM": "0x1D898",
    "CONFIG_TABLE_LENGTH": "0x000006DD",
    "VERSION_MAJOR": 1,
    "VERSION_MINOR": 0,
    "VERSION_PATCH": 0,
    "CONFIGURATION_TYPE": 11,
    "RESERVED": "FF"
  },
  "CONFIG_TABLE_OFFSET_TABLE": {
    "SX3_DEVICE_SETTINGS_TABLE_OFFSET": "0x0070",
    "FIFO_MASTER_CONFIG_OFFSET": "0x013f",
    "VIDEO_SOURCE_1_CONFIG_OFFSET": "0x0163",
    "VIDEO_SOURCE_2_CONFIG_OFFSET": "0xFFFF",
    "SLAVE_FIFO_1_SETTINGS_CONFIG_TABLE_OFFSET": "0xFFFF",
    "SLAVE_FIFO_2_SETTINGS_CONFIG_TABLE_OFFSET": "0xFFFF",
    "UAC_1_CONFIG_TABLE_OFFSET": "0xFFFF",
    "UAC_2_CONFIG_TABLE_OFFSET": "0xFFFF",
    "UVC_1_CONFIG_TABLE_OFFSET": "0x018d",
    "UVC_2_CONFIG_TABLE_OFFSET": "0xFFFF",
    "UVC_1_COLOR_MATCHING_DESCRIPTOR_OFFSET": "0x01b5",
    "UVC_2_COLOR_MATCHING_DESCRIPTOR_OFFSET": "0xFFFF",
    "UVC_1_CAMERA_CONTROLS_TABLE_OFFSET": "0x01c1",
    "UVC_2_CAMERA_CONTROLS_TABLE_OFFSET": "0xFFFF",
    "UVC_1_PROCESSING_UNIT_TABLE_OFFSET": "0x0505",
    "UVC_2_PROCESSING_UNIT_TABLE_OFFSET": "0xFFFF",
    "UVC_1_EXTENSION_UNIT_TABLE_OFFSET": "0x06c9",
    "UVC_2_EXTENSION_UNIT_TABLE_OFFSET": "0xFFFF",
    "RESERVED": "FF"
  },
  "DEVICE_NAME": "SX3 UVC (CYUSB3017)",
  "DEVICE_SETTINGS": {
    "USB_SETTINGS": {
      "VENDOR_ID": "0x04b4",
      "PRODUCT_ID": "0x0040",
      "LEN_MANUFACTURER_STRING": 7,
      "MANUFACTURER_STRING": "Cypress",
      "LEN_PRODUCT_STRING": 3,
      "PRODUCT_STRING": "SX3",
      "LEN_SERIALNUMBER": 0,
      "SERIALNUMBER_STRING": "",
      "AUTO_INCREMENT_SERIAL_NUMBER": 0,
      "REMOTE_WAKEUP_ENABLE": "Disable",
      "POWER_CONFIGURATION": "Bus Powered",
      "CONFIG_DSCR_LENGTH_SS": 218,
      "CONFIG_DSCR_LENGTH_HS": 160,
      "CONFIG_DSCR_LENGTH_FS": 160,
      "ENDPOINT1_TYPE": "UVC",
      "ENDPOINT2_TYPE": "",
      "FIFO_BUS_WIDTH": 8,
      "FIFO_CLOCK": 100,
      "FIFO_INTERFACE_TYPE": "Image Sensor Parallel Interface",
      "UVC_VERSION": "1.5",
      "UVC_HEADER_ADDITION": "UVC HEADER BY SX3",
      "RESERVED": "FF"
    },
    "DEBUG_LEVEL": {
      "DEBUG_ENABLE": "Disable",
      "DEBUG_LEVEL": 0,
      "AUTO_GENERATE_SERIAL_NUMBER": 1,
      "RESERVED": "FF"
    },
    "GPIOS_SETTINGS": {
      "GPIO_0_SETTING": "Not Used",
      "GPIO_1_SETTING": "Not Used",
      "GPIO_2_SETTING": "Not Used",
      "GPIO_3_SETTING": "Not Used",
      "GPIO_4_SETTING": "Not Used",
      "GPIO_5_SETTING": "Not Used",
      "GPIO_6_SETTING": "Not Used",
      "RESERVED": "FF"
    },
    "AUXILLIARY_INTERFACE": {
      "FIRMWARE_UPDATE_HID": "Disable",
      "I2C_FREQUENCY": 100000
    },
    "RESERVED": "FF"
  },
  "FIFO_MASTER_CONFIG": {
    "FIFO_MASTER_CONFIGURATION_DOWNLOAD_EN": "Enable",
    "BIT_FILE_PATH": "fifo_master_fpga_bitfile_sample.bit",
    "FPGA_FAMILY": "Intel (Altera) Cyclone 10 LP",
    "I2C_SLAVE_ADDRESS": "0xa0",
    "BIT_FILE_SIZE": 1928052,
    "RESERVED": "FF"
  },
  "VIDEO_SOURCE_CONFIG": [
    {
      "ENDPOINT": 1,
      "VIDEO_SOURCE_TYPE": "Image Sensor",
      "VIDEO_SOURCE_SUBTYPE": "",
      "ENABLE_VIDEO_SOURCE_CONFIGURATION_DOWNLOAD": "Enable",
      "VIDEO_SOURCE_CONFIGURATION_LEN": 190,
      "VIDEO_SOURCE_CONFIGURATION": [
        {
          "REGISTER_ADDRESS": "0x301A",
          "REGISTER_VALUE": "0x3404",
          "SLAVE_ADDRESS": "0x0090"
        },
        {
          "REGISTER_ADDRESS": "0x098E",
          "REGISTER_VALUE": "0x0000",
          "SLAVE_ADDRESS": "0x0090"
        },
        {
          "REGISTER_ADDRESS": "0xC97E",
          "REGISTER_VALUE": "0x0100",
          "SLAVE_ADDRESS": "0x0090"
        },
        {
          "REGISTER_ADDRESS": "0xC980",
          "REGISTER_VALUE": "0x2502",
          "SLAVE_ADDRESS": "0x0090"
        },
        {
          "REGISTER_ADDRESS": "0xC982",
          "REGISTER_VALUE": "0x0007",
          "SLAVE_ADDRESS": "0x0090"
        },
        {
          "REGISTER_ADDRESS": "0x098E",
          "REGISTER_VALUE": "0x0000",
          "SLAVE_ADDRESS": "0x0090"
        },
        {
          "REGISTER_ADDRESS": "0xC800",
          "REGISTER_VALUE": "0x7C00",
          "SLAVE_ADDRESS": "0x0090"
        },
        {
          "REGISTER_ADDRESS": "0xC802",
          "REGISTER_VALUE": "0x0400",
          "SLAVE_ADDRESS": "0x0090"
        },
        {
          "REGISTER_ADDRESS": "0xC804",
          "REGISTER_VALUE": "0x5303",
          "SLAVE_ADDRESS": "0x0090"
        },
        {
          "REGISTER_ADDRESS": "0xC806",
          "REGISTER_VALUE": "0x0B05",
          "SLAVE_ADDRESS": "0x0090"
        },
        {
          "REGISTER_ADDRESS": "0xC808",
          "REGISTER_VALUE": "0x3402",
          "SLAVE_ADDRESS": "0x0090"
        },
        {
          "REGISTER_ADDRESS": "0xC80A",
          "REGISTER_VALUE": "0x4093",
          "SLAVE_ADDRESS": "0x0090"
        },
        {
          "REGISTER_ADDRESS": "0xC80C",
          "REGISTER_VALUE": "0x0100",
          "SLAVE_ADDRESS": "0x0090"
        },
        {
          "REGISTER_ADDRESS": "0xC80E",
          "REGISTER_VALUE": "0xDB00",
          "SLAVE_ADDRESS": "0x0090"
        },
        {
          "REGISTER_ADDRESS": "0xC810",
          "REGISTER_VALUE": "0xAD05",
          "SLAVE_ADDRESS": "0x0090"
        },
        {
          "REGISTER_ADDRESS": "0xC812",
          "REGISTER_VALUE": "0xFE02",
          "SLAVE_ADDRESS": "0x0090"
        },
        {
          "REGISTER_ADDRESS": "0xC814",
          "REGISTER_VALUE": "0x5006",
          "SLAVE_ADDRESS": "0x0090"
        },
        {
          "REGISTER_ADDRESS": "0xC816",
          "REGISTER_VALUE": "0x6000",
          "SLAVE_ADDRESS": "0x0090"
        },
        {
          "REGISTER_ADDRESS": "0xC818",
          "REGISTER_VALUE": "0xD302",
          "SLAVE_ADDRESS": "0x0090"
        },
        {
          "REGISTER_ADDRESS": "0xC834",
          "REGISTER_VALUE": "0x0000",
          "SLAVE_ADDRESS": "0x0090"
        },
        {
          "REGISTER_ADDRESS": "0xC854",
          "REGISTER_VALUE": "0x0000",
          "SLAVE_ADDRESS": "0x0090"
        },
        {
          "REGISTER_ADDRESS": "0xC856",
          "REGISTER_VALUE": "0x0000",
          "SLAVE_ADDRESS": "0x0090"
        },
        {
          "REGISTER_ADDRESS": "0xC858",
          "REGISTER_VALUE": "0x0005",
          "SLAVE_ADDRESS": "0x0090"
        },
        {
          "REGISTER_ADDRESS": "0xC85A",
          "REGISTER_VALUE": "0xD002",
          "SLAVE_ADDRESS": "0x0090"
        },
        {
          "REGISTER_ADDRESS": "0xC85C",
          "REGISTER_VALUE": "0x0300",
          "SLAVE_ADDRESS": "0x0090"
        },
        {
          "REGISTER_ADDRESS": "0xC868",
          "REGISTER_VALUE": "0x0005",
          "SLAVE_ADDRESS": "0x0090"
        },
        {
          "REGISTER_ADDRESS": "0xC86A",
          "REGISTER_VALUE": "0xD002",
          "SLAVE_ADDRESS": "0x0090"
        },
        {
          "REGISTER_ADDRESS": "0xC88C",
          "REGISTER_VALUE": "0x001E",
          "SLAVE_ADDRESS": "0x0090"
        },
        {
          "REGISTER_ADDRESS": "0xC88E",
          "REGISTER_VALUE": "0x000F",
          "SLAVE_ADDRESS": "0x0090"
        },
        {
          "REGISTER_ADDRESS": "0xC914",
          "REGISTER_VALUE": "0x0000",
          "SLAVE_ADDRESS": "0x0090"
        },
        {
          "REGISTER_ADDRESS": "0xC916",
          "REGISTER_VALUE": "0x0000",
          "SLAVE_ADDRESS": "0x0090"
        },
        {
          "REGISTER_ADDRESS": "0xC918",
          "REGISTER_VALUE": "0xFF04",
          "SLAVE_ADDRESS": "0x0090"
        },
        {
          "REGISTER_ADDRESS": "0xC91A",
          "REGISTER_VALUE": "0xCF02",
          "SLAVE_ADDRESS": "0x0090"
        },
        {
          "REGISTER_ADDRESS": "0xC91C",
          "REGISTER_VALUE": "0x0000",
          "SLAVE_ADDRESS": "0x0090"
        },
        {
          "REGISTER_ADDRESS": "0xC91E",
          "REGISTER_VALUE": "0x0000",
          "SLAVE_ADDRESS": "0x0090"
        },
        {
          "REGISTER_ADDRESS": "0xC920",
          "REGISTER_VALUE": "0xFF00",
          "SLAVE_ADDRESS": "0x0090"
        },
        {
          "REGISTER_ADDRESS": "0xC922",
          "REGISTER_VALUE": "0x8F00",
          "SLAVE_ADDRESS": "0x0090"
        },
        {
          "REGISTER_ADDRESS": "0xE801",
          "REGISTER_VALUE": "0x0000",
          "SLAVE_ADDRESS": "0x0090"
        },
        {
          "REGISTER_ADDRESS": "0x316A",
          "REGISTER_VALUE": "0x7082",
          "SLAVE_ADDRESS": "0x0090"
        },
        {
          "REGISTER_ADDRESS": "0x316C",
          "REGISTER_VALUE": "0x7082",
          "SLAVE_ADDRESS": "0x0090"
        },
        {
          "REGISTER_ADDRESS": "0x3ED0",
          "REGISTER_VALUE": "0x0523",
          "SLAVE_ADDRESS": "0x0090"
        },
        {
          "REGISTER_ADDRESS": "0x3ED2",
          "REGISTER_VALUE": "0xCF77",
          "SLAVE_ADDRESS": "0x0090"
        },
        {
          "REGISTER_ADDRESS": "0x316E",
          "REGISTER_VALUE": "0x0282",
          "SLAVE_ADDRESS": "0x0090"
        },
        {
          "REGISTER_ADDRESS": "0x3180",
          "REGISTER_VALUE": "0xFF87",
          "SLAVE_ADDRESS": "0x0090"
        },
        {
          "REGISTER_ADDRESS": "0x30D4",
          "REGISTER_VALUE": "0x8060",
          "SLAVE_ADDRESS": "0x0090"
        },
        {
          "REGISTER_ADDRESS": "0xA802",
          "REGISTER_VALUE": "0x0800",
          "SLAVE_ADDRESS": "0x0090"
        },
        {
          "REGISTER_ADDRESS": "0x3E14",
          "REGISTER_VALUE": "0x39FF",
          "SLAVE_ADDRESS": "0x0090"
        },
        {
          "REGISTER_ADDRESS": "0x301A",
          "REGISTER_VALUE": "0x3404",
          "SLAVE_ADDRESS": "0x0090"
        },
        {
          "REGISTER_ADDRESS": "0x098E",
          "REGISTER_VALUE": "0x0000",
          "SLAVE_ADDRESS": "0x0090"
        },
        {
          "REGISTER_ADDRESS": "0xC95E",
          "REGISTER_VALUE": "0x0300",
          "SLAVE_ADDRESS": "0x0090"
        },
        {
          "REGISTER_ADDRESS": "0xC892",
          "REGISTER_VALUE": "0x6C02",
          "SLAVE_ADDRESS": "0x0090"
        },
        {
          "REGISTER_ADDRESS": "0xC894",
          "REGISTER_VALUE": "0x1AFF",
          "SLAVE_ADDRESS": "0x0090"
        },
        {
          "REGISTER_ADDRESS": "0xC896",
          "REGISTER_VALUE": "0xB3FF",
          "SLAVE_ADDRESS": "0x0090"
        },
        {
          "REGISTER_ADDRESS": "0xC898",
          "REGISTER_VALUE": "0x80FF",
          "SLAVE_ADDRESS": "0x0090"
        },
        {
          "REGISTER_ADDRESS": "0xC89A",
          "REGISTER_VALUE": "0x6601",
          "SLAVE_ADDRESS": "0x0090"
        },
        {
          "REGISTER_ADDRESS": "0xC89C",
          "REGISTER_VALUE": "0x0300",
          "SLAVE_ADDRESS": "0x0090"
        },
        {
          "REGISTER_ADDRESS": "0xC89E",
          "REGISTER_VALUE": "0x9AFF",
          "SLAVE_ADDRESS": "0x0090"
        },
        {
          "REGISTER_ADDRESS": "0xC8A0",
          "REGISTER_VALUE": "0xB4FE",
          "SLAVE_ADDRESS": "0x0090"
        },
        {
          "REGISTER_ADDRESS": "0xC8A2",
          "REGISTER_VALUE": "0x4D02",
          "SLAVE_ADDRESS": "0x0090"
        },
        {
          "REGISTER_ADDRESS": "0xC8A4",
          "REGISTER_VALUE": "0xBF01",
          "SLAVE_ADDRESS": "0x0090"
        },
        {
          "REGISTER_ADDRESS": "0xC8A6",
          "REGISTER_VALUE": "0x01FF",
          "SLAVE_ADDRESS": "0x0090"
        },
        {
          "REGISTER_ADDRESS": "0xC8A8",
          "REGISTER_VALUE": "0xF3FF",
          "SLAVE_ADDRESS": "0x0090"
        },
        {
          "REGISTER_ADDRESS": "0xC8AA",
          "REGISTER_VALUE": "0x75FF",
          "SLAVE_ADDRESS": "0x0090"
        },
        {
          "REGISTER_ADDRESS": "0xC8AC",
          "REGISTER_VALUE": "0x9801",
          "SLAVE_ADDRESS": "0x0090"
        },
        {
          "REGISTER_ADDRESS": "0xC8AE",
          "REGISTER_VALUE": "0xFDFF",
          "SLAVE_ADDRESS": "0x0090"
        },
        {
          "REGISTER_ADDRESS": "0xC8B0",
          "REGISTER_VALUE": "0x9AFF",
          "SLAVE_ADDRESS": "0x0090"
        },
        {
          "REGISTER_ADDRESS": "0xC8B2",
          "REGISTER_VALUE": "0xE7FE",
          "SLAVE_ADDRESS": "0x0090"
        },
        {
          "REGISTER_ADDRESS": "0xC8B4",
          "REGISTER_VALUE": "0xA802",
          "SLAVE_ADDRESS": "0x0090"
        },
        {
          "REGISTER_ADDRESS": "0xC8B6",
          "REGISTER_VALUE": "0xD901",
          "SLAVE_ADDRESS": "0x0090"
        },
        {
          "REGISTER_ADDRESS": "0xC8B8",
          "REGISTER_VALUE": "0x26FF",
          "SLAVE_ADDRESS": "0x0090"
        },
        {
          "REGISTER_ADDRESS": "0xC8BA",
          "REGISTER_VALUE": "0xF3FF",
          "SLAVE_ADDRESS": "0x0090"
        },
        {
          "REGISTER_ADDRESS": "0xC8BC",
          "REGISTER_VALUE": "0xB3FF",
          "SLAVE_ADDRESS": "0x0090"
        },
        {
          "REGISTER_ADDRESS": "0xC8BE",
          "REGISTER_VALUE": "0x3201",
          "SLAVE_ADDRESS": "0x0090"
        },
        {
          "REGISTER_ADDRESS": "0xC8C0",
          "REGISTER_VALUE": "0xE8FF",
          "SLAVE_ADDRESS": "0x0090"
        },
        {
          "REGISTER_ADDRESS": "0xC8C2",
          "REGISTER_VALUE": "0xDAFF",
          "SLAVE_ADDRESS": "0x0090"
        },
        {
          "REGISTER_ADDRESS": "0xC8C4",
          "REGISTER_VALUE": "0xCDFE",
          "SLAVE_ADDRESS": "0x0090"
        },
        {
          "REGISTER_ADDRESS": "0xC8C6",
          "REGISTER_VALUE": "0xC202",
          "SLAVE_ADDRESS": "0x0090"
        },
        {
          "REGISTER_ADDRESS": "0xC8C8",
          "REGISTER_VALUE": "0x7500",
          "SLAVE_ADDRESS": "0x0090"
        },
        {
          "REGISTER_ADDRESS": "0xC8CA",
          "REGISTER_VALUE": "0x1C01",
          "SLAVE_ADDRESS": "0x0090"
        },
        {
          "REGISTER_ADDRESS": "0xC8CC",
          "REGISTER_VALUE": "0x9A00",
          "SLAVE_ADDRESS": "0x0090"
        },
        {
          "REGISTER_ADDRESS": "0xC8CE",
          "REGISTER_VALUE": "0x0501",
          "SLAVE_ADDRESS": "0x0090"
        },
        {
          "REGISTER_ADDRESS": "0xC8D0",
          "REGISTER_VALUE": "0xA400",
          "SLAVE_ADDRESS": "0x0090"
        },
        {
          "REGISTER_ADDRESS": "0xC8D2",
          "REGISTER_VALUE": "0xAC00",
          "SLAVE_ADDRESS": "0x0090"
        },
        {
          "REGISTER_ADDRESS": "0xC8D4",
          "REGISTER_VALUE": "0x8C0A",
          "SLAVE_ADDRESS": "0x0090"
        },
        {
          "REGISTER_ADDRESS": "0xC8D6",
          "REGISTER_VALUE": "0x0A0F",
          "SLAVE_ADDRESS": "0x0090"
        },
        {
          "REGISTER_ADDRESS": "0xC8D8",
          "REGISTER_VALUE": "0x6419",
          "SLAVE_ADDRESS": "0x0090"
        },
        {
          "REGISTER_ADDRESS": "0xC914",
          "REGISTER_VALUE": "0x0000",
          "SLAVE_ADDRESS": "0x0090"
        },
        {
          "REGISTER_ADDRESS": "0xC916",
          "REGISTER_VALUE": "0x0000",
          "SLAVE_ADDRESS": "0x0090"
        },
        {
          "REGISTER_ADDRESS": "0xC918",
          "REGISTER_VALUE": "0xFF04",
          "SLAVE_ADDRESS": "0x0090"
        },
        {
          "REGISTER_ADDRESS": "0xC91A",
          "REGISTER_VALUE": "0xCF02",
          "SLAVE_ADDRESS": "0x0090"
        },
        {
          "REGISTER_ADDRESS": "0xC904",
          "REGISTER_VALUE": "0x3300",
          "SLAVE_ADDRESS": "0x0090"
        },
        {
          "REGISTER_ADDRESS": "0xC906",
          "REGISTER_VALUE": "0x4000",
          "SLAVE_ADDRESS": "0x0090"
        },
        {
          "REGISTER_ADDRESS": "0xC8F2",
          "REGISTER_VALUE": "0x0203",
          "SLAVE_ADDRESS": "0x0090"
        },
        {
          "REGISTER_ADDRESS": "0xC906",
          "REGISTER_VALUE": "0x3C00",
          "SLAVE_ADDRESS": "0x0090"
        },
        {
          "REGISTER_ADDRESS": "0xC8F4",
          "REGISTER_VALUE": "0x0000",
          "SLAVE_ADDRESS": "0x0090"
        },
        {
          "REGISTER_ADDRESS": "0xC8F6",
          "REGISTER_VALUE": "0x0000",
          "SLAVE_ADDRESS": "0x0090"
        },
        {
          "REGISTER_ADDRESS": "0xC8F8",
          "REGISTER_VALUE": "0x0000",
          "SLAVE_ADDRESS": "0x0090"
        },
        {
          "REGISTER_ADDRESS": "0xC8FA",
          "REGISTER_VALUE": "0x24E7",
          "SLAVE_ADDRESS": "0x0090"
        },
        {
          "REGISTER_ADDRESS": "0xC8FC",
          "REGISTER_VALUE": "0x8315",
          "SLAVE_ADDRESS": "0x0090"
        },
        {
          "REGISTER_ADDRESS": "0xC8FE",
          "REGISTER_VALUE": "0x4520",
          "SLAVE_ADDRESS": "0x0090"
        },
        {
          "REGISTER_ADDRESS": "0xC900",
          "REGISTER_VALUE": "0xDC05",
          "SLAVE_ADDRESS": "0x0090"
        },
        {
          "REGISTER_ADDRESS": "0xC902",
          "REGISTER_VALUE": "0x7C00",
          "SLAVE_ADDRESS": "0x0090"
        },
        {
          "REGISTER_ADDRESS": "0xC90C",
          "REGISTER_VALUE": "0x8080",
          "SLAVE_ADDRESS": "0x0090"
        },
        {
          "REGISTER_ADDRESS": "0xC90E",
          "REGISTER_VALUE": "0x8880",
          "SLAVE_ADDRESS": "0x0090"
        },
        {
          "REGISTER_ADDRESS": "0xC910",
          "REGISTER_VALUE": "0x8080",
          "SLAVE_ADDRESS": "0x0090"
        },
        {
          "REGISTER_ADDRESS": "0xC926",
          "REGISTER_VALUE": "0x2000",
          "SLAVE_ADDRESS": "0x0090"
        },
        {
          "REGISTER_ADDRESS": "0xC928",
          "REGISTER_VALUE": "0x9A00",
          "SLAVE_ADDRESS": "0x0090"
        },
        {
          "REGISTER_ADDRESS": "0xC946",
          "REGISTER_VALUE": "0x7000",
          "SLAVE_ADDRESS": "0x0090"
        },
        {
          "REGISTER_ADDRESS": "0xC948",
          "REGISTER_VALUE": "0xF300",
          "SLAVE_ADDRESS": "0x0090"
        },
        {
          "REGISTER_ADDRESS": "0xC952",
          "REGISTER_VALUE": "0x2000",
          "SLAVE_ADDRESS": "0x0090"
        },
        {
          "REGISTER_ADDRESS": "0xC954",
          "REGISTER_VALUE": "0x9A00",
          "SLAVE_ADDRESS": "0x0090"
        },
        {
          "REGISTER_ADDRESS": "0xC92A",
          "REGISTER_VALUE": "0x4B80",
          "SLAVE_ADDRESS": "0x0090"
        },
        {
          "REGISTER_ADDRESS": "0xC92C",
          "REGISTER_VALUE": "0xFF00",
          "SLAVE_ADDRESS": "0x0090"
        },
        {
          "REGISTER_ADDRESS": "0xC92E",
          "REGISTER_VALUE": "0x023C",
          "SLAVE_ADDRESS": "0x0090"
        },
        {
          "REGISTER_ADDRESS": "0xC930",
          "REGISTER_VALUE": "0x6406",
          "SLAVE_ADDRESS": "0x0090"
        },
        {
          "REGISTER_ADDRESS": "0xC932",
          "REGISTER_VALUE": "0x0C01",
          "SLAVE_ADDRESS": "0x0090"
        },
        {
          "REGISTER_ADDRESS": "0xC934",
          "REGISTER_VALUE": "0x3C3C",
          "SLAVE_ADDRESS": "0x0090"
        },
        {
          "REGISTER_ADDRESS": "0xC936",
          "REGISTER_VALUE": "0x193C",
          "SLAVE_ADDRESS": "0x0090"
        },
        {
          "REGISTER_ADDRESS": "0xC938",
          "REGISTER_VALUE": "0x6464",
          "SLAVE_ADDRESS": "0x0090"
        },
        {
          "REGISTER_ADDRESS": "0xC93A",
          "REGISTER_VALUE": "0x3264",
          "SLAVE_ADDRESS": "0x0090"
        },
        {
          "REGISTER_ADDRESS": "0xC93C",
          "REGISTER_VALUE": "0x1000",
          "SLAVE_ADDRESS": "0x0090"
        },
        {
          "REGISTER_ADDRESS": "0xC93E",
          "REGISTER_VALUE": "0x7000",
          "SLAVE_ADDRESS": "0x0090"
        },
        {
          "REGISTER_ADDRESS": "0xC940",
          "REGISTER_VALUE": "0xDC00",
          "SLAVE_ADDRESS": "0x0090"
        },
        {
          "REGISTER_ADDRESS": "0xC942",
          "REGISTER_VALUE": "0x3038",
          "SLAVE_ADDRESS": "0x0090"
        },
        {
          "REGISTER_ADDRESS": "0xC944",
          "REGISTER_VALUE": "0x1950",
          "SLAVE_ADDRESS": "0x0090"
        },
        {
          "REGISTER_ADDRESS": "0xC94A",
          "REGISTER_VALUE": "0x3002",
          "SLAVE_ADDRESS": "0x0090"
        },
        {
          "REGISTER_ADDRESS": "0xC94C",
          "REGISTER_VALUE": "0x1000",
          "SLAVE_ADDRESS": "0x0090"
        },
        {
          "REGISTER_ADDRESS": "0xC94E",
          "REGISTER_VALUE": "0xCD01",
          "SLAVE_ADDRESS": "0x0090"
        },
        {
          "REGISTER_ADDRESS": "0xC950",
          "REGISTER_VALUE": "0x4005",
          "SLAVE_ADDRESS": "0x0090"
        },
        {
          "REGISTER_ADDRESS": "0xC87B",
          "REGISTER_VALUE": "0x1B00",
          "SLAVE_ADDRESS": "0x0090"
        },
        {
          "REGISTER_ADDRESS": "0xC878",
          "REGISTER_VALUE": "0x0E00",
          "SLAVE_ADDRESS": "0x0090"
        },
        {
          "REGISTER_ADDRESS": "0xC890",
          "REGISTER_VALUE": "0x8000",
          "SLAVE_ADDRESS": "0x0090"
        },
        {
          "REGISTER_ADDRESS": "0xC886",
          "REGISTER_VALUE": "0x0001",
          "SLAVE_ADDRESS": "0x0090"
        },
        {
          "REGISTER_ADDRESS": "0xC87C",
          "REGISTER_VALUE": "0x5A00",
          "SLAVE_ADDRESS": "0x0090"
        },
        {
          "REGISTER_ADDRESS": "0xB42A",
          "REGISTER_VALUE": "0x0500",
          "SLAVE_ADDRESS": "0x0090"
        },
        {
          "REGISTER_ADDRESS": "0xA80A",
          "REGISTER_VALUE": "0x0500",
          "SLAVE_ADDRESS": "0x0090"
        },
        {
          "REGISTER_ADDRESS": "0x098E",
          "REGISTER_VALUE": "0x0000",
          "SLAVE_ADDRESS": "0x0090"
        },
        {
          "REGISTER_ADDRESS": "0xC984",
          "REGISTER_VALUE": "0x4080",
          "SLAVE_ADDRESS": "0x0090"
        },
        {
          "REGISTER_ADDRESS": "0x001E",
          "REGISTER_VALUE": "0x7707",
          "SLAVE_ADDRESS": "0x0090"
        },
        {
          "REGISTER_ADDRESS": "0x098E",
          "REGISTER_VALUE": "0x0010",
          "SLAVE_ADDRESS": "0x0090"
        },
        {
          "REGISTER_ADDRESS": "0xC97E",
          "REGISTER_VALUE": "0x0100",
          "SLAVE_ADDRESS": "0x0090"
        },
        {
          "REGISTER_ADDRESS": "0xC980",
          "REGISTER_VALUE": "0x2001",
          "SLAVE_ADDRESS": "0x0090"
        },
        {
          "REGISTER_ADDRESS": "0xC982",
          "REGISTER_VALUE": "0x0007",
          "SLAVE_ADDRESS": "0x0090"
        },
        {
          "REGISTER_ADDRESS": "0xC984",
          "REGISTER_VALUE": "0x4080",
          "SLAVE_ADDRESS": "0x0090"
        },
        {
          "REGISTER_ADDRESS": "0xC800",
          "REGISTER_VALUE": "0x0400",
          "SLAVE_ADDRESS": "0x0090"
        },
        {
          "REGISTER_ADDRESS": "0xC802",
          "REGISTER_VALUE": "0x0400",
          "SLAVE_ADDRESS": "0x0090"
        },
        {
          "REGISTER_ADDRESS": "0xC804",
          "REGISTER_VALUE": "0xCB03",
          "SLAVE_ADDRESS": "0x0090"
        },
        {
          "REGISTER_ADDRESS": "0xC806",
          "REGISTER_VALUE": "0x0B05",
          "SLAVE_ADDRESS": "0x0090"
        },
        {
          "REGISTER_ADDRESS": "0xC808",
          "REGISTER_VALUE": "0xDC02",
          "SLAVE_ADDRESS": "0x0090"
        },
        {
          "REGISTER_ADDRESS": "0xC80A",
          "REGISTER_VALUE": "0x006C",
          "SLAVE_ADDRESS": "0x0090"
        },
        {
          "REGISTER_ADDRESS": "0xC80C",
          "REGISTER_VALUE": "0x0100",
          "SLAVE_ADDRESS": "0x0090"
        },
        {
          "REGISTER_ADDRESS": "0xC80E",
          "REGISTER_VALUE": "0xDB00",
          "SLAVE_ADDRESS": "0x0090"
        },
        {
          "REGISTER_ADDRESS": "0xC810",
          "REGISTER_VALUE": "0xB305",
          "SLAVE_ADDRESS": "0x0090"
        },
        {
          "REGISTER_ADDRESS": "0xC812",
          "REGISTER_VALUE": "0xEE03",
          "SLAVE_ADDRESS": "0x0090"
        },
        {
          "REGISTER_ADDRESS": "0xC814",
          "REGISTER_VALUE": "0x3606",
          "SLAVE_ADDRESS": "0x0090"
        },
        {
          "REGISTER_ADDRESS": "0xC816",
          "REGISTER_VALUE": "0x6000",
          "SLAVE_ADDRESS": "0x0090"
        },
        {
          "REGISTER_ADDRESS": "0xC818",
          "REGISTER_VALUE": "0xC303",
          "SLAVE_ADDRESS": "0x0090"
        },
        {
          "REGISTER_ADDRESS": "0xC826",
          "REGISTER_VALUE": "0x2000",
          "SLAVE_ADDRESS": "0x0090"
        },
        {
          "REGISTER_ADDRESS": "0xC834",
          "REGISTER_VALUE": "0x0000",
          "SLAVE_ADDRESS": "0x0090"
        },
        {
          "REGISTER_ADDRESS": "0xC854",
          "REGISTER_VALUE": "0x0000",
          "SLAVE_ADDRESS": "0x0090"
        },
        {
          "REGISTER_ADDRESS": "0xC856",
          "REGISTER_VALUE": "0x0000",
          "SLAVE_ADDRESS": "0x0090"
        },
        {
          "REGISTER_ADDRESS": "0xC858",
          "REGISTER_VALUE": "0x0005",
          "SLAVE_ADDRESS": "0x0090"
        },
        {
          "REGISTER_ADDRESS": "0xC85A",
          "REGISTER_VALUE": "0xC003",
          "SLAVE_ADDRESS": "0x0090"
        },
        {
          "REGISTER_ADDRESS": "0xC85C",
          "REGISTER_VALUE": "0x0300",
          "SLAVE_ADDRESS": "0x0090"
        },
        {
          "REGISTER_ADDRESS": "0xC868",
          "REGISTER_VALUE": "0x0005",
          "SLAVE_ADDRESS": "0x0090"
        },
        {
          "REGISTER_ADDRESS": "0xC86A",
          "REGISTER_VALUE": "0xD002",
          "SLAVE_ADDRESS": "0x0090"
        },
        {
          "REGISTER_ADDRESS": "0xC878",
          "REGISTER_VALUE": "0x0000",
          "SLAVE_ADDRESS": "0x0090"
        },
        {
          "REGISTER_ADDRESS": "0xC88C",
          "REGISTER_VALUE": "0x021E",
          "SLAVE_ADDRESS": "0x0090"
        },
        {
          "REGISTER_ADDRESS": "0xC88E",
          "REGISTER_VALUE": "0x021E",
          "SLAVE_ADDRESS": "0x0090"
        },
        {
          "REGISTER_ADDRESS": "0xC914",
          "REGISTER_VALUE": "0x0000",
          "SLAVE_ADDRESS": "0x0090"
        },
        {
          "REGISTER_ADDRESS": "0xC916",
          "REGISTER_VALUE": "0x0000",
          "SLAVE_ADDRESS": "0x0090"
        },
        {
          "REGISTER_ADDRESS": "0xC918",
          "REGISTER_VALUE": "0xFF04",
          "SLAVE_ADDRESS": "0x0090"
        },
        {
          "REGISTER_ADDRESS": "0xC91A",
          "REGISTER_VALUE": "0xCF02",
          "SLAVE_ADDRESS": "0x0090"
        },
        {
          "REGISTER_ADDRESS": "0xC91C",
          "REGISTER_VALUE": "0x0000",
          "SLAVE_ADDRESS": "0x0090"
        },
        {
          "REGISTER_ADDRESS": "0xC91E",
          "REGISTER_VALUE": "0x0000",
          "SLAVE_ADDRESS": "0x0090"
        },
        {
          "REGISTER_ADDRESS": "0xC920",
          "REGISTER_VALUE": "0xFF00",
          "SLAVE_ADDRESS": "0x0090"
        },
        {
          "REGISTER_ADDRESS": "0xC922",
          "REGISTER_VALUE": "0x8F00",
          "SLAVE_ADDRESS": "0x0090"
        },
        {
          "REGISTER_ADDRESS": "0xDC00",
          "REGISTER_VALUE": "0x2800",
          "SLAVE_ADDRESS": "0x0090"
        },
        {
          "REGISTER_ADDRESS": "0x0000",
          "REGISTER_VALUE": "0x0BB8",
          "SLAVE_ADDRESS": "0xDDDD"
        },
        {
          "REGISTER_ADDRESS": "0x0080",
          "REGISTER_VALUE": "0x0280",
          "SLAVE_ADDRESS": "0x0090"
        },
        {
          "REGISTER_ADDRESS": "0x0000",
          "REGISTER_VALUE": "0x0BB8",
          "SLAVE_ADDRESS": "0xDDDD"
        },
        {
          "REGISTER_ADDRESS": "0x0080",
          "REGISTER_VALUE": "0x0480",
          "SLAVE_ADDRESS": "0x0090"
        },
        {
          "REGISTER_ADDRESS": "0x0000",
          "REGISTER_VALUE": "0x07D0",
          "SLAVE_ADDRESS": "0xDDDD"
        },
        {
          "REGISTER_ADDRESS": "0xC86C",
          "REGISTER_VALUE": "0x1200",
          "SLAVE_ADDRESS": "0x0090"
        },
        {
          "REGISTER_ADDRESS": "0xDC00",
          "REGISTER_VALUE": "0x2800",
          "SLAVE_ADDRESS": "0x0090"
        },
        {
          "REGISTER_ADDRESS": "0x0000",
          "REGISTER_VALUE": "0x0BB8",
          "SLAVE_ADDRESS": "0xDDDD"
        },
        {
          "REGISTER_ADDRESS": "0x0080",
          "REGISTER_VALUE": "0x0280",
          "SLAVE_ADDRESS": "0x0090"
        },
        {
          "REGISTER_ADDRESS": "0x0000",
          "REGISTER_VALUE": "0x0BB8",
          "SLAVE_ADDRESS": "0xDDDD"
        },
        {
          "REGISTER_ADDRESS": "0x0080",
          "REGISTER_VALUE": "0x0480",
          "SLAVE_ADDRESS": "0x0090"
        },
        {
          "REGISTER_ADDRESS": "0x0000",
          "REGISTER_VALUE": "0x07D0",
          "SLAVE_ADDRESS": "0xDDDD"
        }
      ],
      "I2C_SLAVE_ADDRESS": "0x90",
      "I2C_SLAVE_DATA_SIZE": 2,
      "I2C_SLAVE_REGISTER_SIZE": 0,
      "HDMI_CONFIG_NUM_ROWS": 0,
      "RESERVED": "FF"
    }
  ],
  "UVC_SETTINGS": [
    {
      "ENDPOINT_SETTINGS": {
        "ENDPOINT_TRANSFER_TYPE": "Bulk",
        "BURST_LENGTH": 16,
        "BUFFER_COUNT": 4,
        "BUFFER_SIZE": 16384,
        "USED_BUFFER_SPACE": 131072,
        "RESERVED": "FF"
      },
      "FORMAT_RESOLUTION": {
        "TOTAL_NUMBER_OF_RESOLUTIONS": 1,
        "TOTAL_NUMBER_OF_IMAGE_FORMATS_SS_ENABLED": 1,
        "TOTAL_NUMBER_OF_IMAGE_FORMATS_HS_ENABLED": 0,
        "TOTAL_NUMBER_OF_IMAGE_FORMATS_FS_ENABLED": 0,
        "TOTAL_NUMBER_OF_RESOLUTIONS_SS_ENABLED": 1,
        "TOTAL_NUMBER_OF_RESOLUTIONS_HS_ENABLED": 0,
        "TOTAL_NUMBER_OF_RESOLUTIONS_FS_ENABLED": 0,
        "TOTAL_NUMBER_OF_IMAGE_FORMATS_WITH_STILL_CAPTURE_ENABLED_SS": 0,
        "TOTAL_NUMBER_OF_IMAGE_FORMATS_WITH_STILL_CAPTURE_ENABLED_HS": 0,
        "TOTAL_NUMBER_OF_IMAGE_FORMATS_WITH_STILL_CAPTURE_ENABLED_FS": 0,
        "TOTAL_NUMBER_OF_RESOLUTIONS_WITH_STILL_CAPTURE_ENABLED_SS": 0,
        "TOTAL_NUMBER_OF_RESOLUTIONS_WITH_STILL_CAPTURE_ENABLED_HS": 0,
        "TOTAL_NUMBER_OF_RESOLUTIONS_WITH_STILL_CAPTURE_ENABLED_FS": 0,
        "FORMAT_RESOLUTIONS": [
          {
            "S_NO": 1,
            "IMAGE_FORMAT": "YUY2",
            "BITS_PER_PIXEL": 16,
            "H_RESOLUTION": 1280,
            "V_RESOLUTION": 720,
            "STILL_CAPTURE": "Disable",
            "SUPPORTED_IN_FS": "Disable",
            "SUPPORTED_IN_HS": "Disable",
            "SUPPORTED_IN_SS": "Enable",
            "FRAME_RATE_IN_FS": 0,
            "FRAME_RATE_IN_HS": 0,
            "FRAME_RATE_IN_SS": 30,
            "RESOLUTION_REGISTER_SETTING_LEN": 1,
            "RESOLUTION_REGISTER_SETTING": [
              {
                "REGISTER_ADDRESS": "0x0000",
                "REGISTER_VALUE": "0x0BB8",
                "SLAVE_ADDRESS": "0xDDDD"
              }
            ],
            "RESERVED": "FF"
          }
        ]
      },
      "COLOR_MATCHING": {
        "COLOR_PRIMARIES": "Unspecified (Image characteristics unknown)",
        "TRANSFER_CHARACTERISTICS": "Unspecified (Image characteristics unknown)",
        "MATRIX_COEFFICIENTS": "Unspecified (Image characteristics unknown)",
        "RESERVED": "FF"
      },
      "CAMERA_CONTROL": {
        "CAMERA_CONTROLS_ENABLED_BITMASK": "0b00000000000000000000000000000000",
        "CAMERA_CONTROLS": [
          {
            "AUTO-EXPOSURE_MODE": {
              "AUTO-EXPOSURE_MODE_ENABLE": "Disable",
              "AUTO-EXPOSURE_MODE_MIN": 0,
              "AUTO-EXPOSURE_MODE_MAX": 0,
              "AUTO-EXPOSURE_MODE_STEP": 0,
              "AUTO-EXPOSURE_MODE_DEFAULT": 0,
              "AUTO-EXPOSURE_MODE_CURRENT_VALUE": 0,
              "AUTO-EXPOSURE_MODE_REGISTER_ADDRESS": "",
              "AUTO-EXPOSURE_MODE_LENGTH": 0,
              "RESERVED": "FF"
            }
          },
          {
            "AUTO-EXPOSURE_PRIORITY": {
              "AUTO-EXPOSURE_PRIORITY_ENABLE": "Disable",
              "AUTO-EXPOSURE_PRIORITY_MIN": 0,
              "AUTO-EXPOSURE_PRIORITY_MAX": 0,
              "AUTO-EXPOSURE_PRIORITY_STEP": 0,
              "AUTO-EXPOSURE_PRIORITY_DEFAULT": 0,
              "AUTO-EXPOSURE_PRIORITY_CURRENT_VALUE": 0,
              "AUTO-EXPOSURE_PRIORITY_REGISTER_ADDRESS": "",
              "AUTO-EXPOSURE_PRIORITY_LENGTH": 0,
              "RESERVED": "FF"
            }
          },
          {
            "EXPOSURE_TIME": {
              "EXPOSURE_TIME_ENABLE": "Disable",
              "EXPOSURE_TIME_MIN": 0,
              "EXPOSURE_TIME_MAX": 0,
              "EXPOSURE_TIME_STEP": 0,
              "EXPOSURE_TIME_DEFAULT": 0,
              "EXPOSURE_TIME_CURRENT_VALUE": 0,
              "EXPOSURE_TIME_REGISTER_ADDRESS": "",
              "EXPOSURE_TIME_LENGTH": 0,
              "RESERVED": "FF"
            }
          },
          {
            "FOCUS": {
              "FOCUS_ENABLE": "Disable",
              "FOCUS_MIN": 0,
              "FOCUS_MAX": 0,
              "FOCUS_STEP": 0,
              "FOCUS_DEFAULT": 0,
              "FOCUS_CURRENT_VALUE": 0,
              "FOCUS_REGISTER_ADDRESS": "",
              "FOCUS_LENGTH": 0,
              "RESERVED": "FF"
            }
          },
          {
            "IRIS": {
              "IRIS_ENABLE": "Disable",
              "IRIS_MIN": 0,
              "IRIS_MAX": 0,
              "IRIS_STEP": 0,
              "IRIS_DEFAULT": 0,
              "IRIS_CURRENT_VALUE": 0,
              "IRIS_REGISTER_ADDRESS": "",
              "IRIS_LENGTH": 0,
              "RESERVED": "FF"
            }
          },
          {
            "ZOOM": {
              "ZOOM_ENABLE": "Disable",
              "ZOOM_MIN": 0,
              "ZOOM_MAX": 0,
              "ZOOM_STEP": 0,
              "ZOOM_DEFAULT": 0,
              "ZOOM_CURRENT_VALUE": 0,
              "ZOOM_REGISTER_ADDRESS": "",
              "ZOOM_LENGTH": 0,
              "RESERVED": "FF"
            }
          },
          {
            "PANTILT": {
              "PANTILT_ENABLE": "Disable",
              "PANTILT_MIN": 0,
              "PANTILT_MAX": 0,
              "PANTILT_STEP": 0,
              "PANTILT_DEFAULT": 0,
              "PANTILT_CURRENT_VALUE": 0,
              "PANTILT_REGISTER_ADDRESS": "",
              "PANTILT_LENGTH": 0,
              "RESERVED": "FF"
            }
          },
          {
            "ROLL": {
              "ROLL_ENABLE": "Disable",
              "ROLL_MIN": 0,
              "ROLL_MAX": 0,
              "ROLL_STEP": 0,
              "ROLL_DEFAULT": 0,
              "ROLL_CURRENT_VALUE": 0,
              "ROLL_REGISTER_ADDRESS": "",
              "ROLL_LENGTH": 0,
              "RESERVED": "FF"
            }
          },
          {
            "REGION_OF_INTEREST_TOP_(IN_PIXELS)": {
              "REGION_OF_INTEREST_TOP_(IN_PIXELS)_ENABLE": "Disable",
              "REGION_OF_INTEREST_TOP_(IN_PIXELS)_MIN": 0,
              "REGION_OF_INTEREST_TOP_(IN_PIXELS)_MAX": 0,
              "REGION_OF_INTEREST_TOP_(IN_PIXELS)_STEP": 0,
              "REGION_OF_INTEREST_TOP_(IN_PIXELS)_DEFAULT": 0,
              "REGION_OF_INTEREST_TOP_(IN_PIXELS)_CURRENT_VALUE": 0,
              "REGION_OF_INTEREST_TOP_(IN_PIXELS)_REGISTER_ADDRESS": "",
              "REGION_OF_INTEREST_TOP_(IN_PIXELS)_LENGTH": 0,
              "RESERVED": "FF"
            }
          },
          {
            "REGION_OF_INTEREST_LEFT_(IN_PIXELS)": {
              "REGION_OF_INTEREST_LEFT_(IN_PIXELS)_ENABLE": "Disable",
              "REGION_OF_INTEREST_LEFT_(IN_PIXELS)_MIN": 0,
              "REGION_OF_INTEREST_LEFT_(IN_PIXELS)_MAX": 0,
              "REGION_OF_INTEREST_LEFT_(IN_PIXELS)_STEP": 0,
              "REGION_OF_INTEREST_LEFT_(IN_PIXELS)_DEFAULT": 0,
              "REGION_OF_INTEREST_LEFT_(IN_PIXELS)_CURRENT_VALUE": 0,
              "REGION_OF_INTEREST_LEFT_(IN_PIXELS)_REGISTER_ADDRESS": "",
              "REGION_OF_INTEREST_LEFT_(IN_PIXELS)_LENGTH": 0,
              "RESERVED": "FF"
            }
          },
          {
            "REGION_OF_INTEREST_BOTTOM_(IN_PIXELS)": {
              "REGION_OF_INTEREST_BOTTOM_(IN_PIXELS)_ENABLE": "Disable",
              "REGION_OF_INTEREST_BOTTOM_(IN_PIXELS)_MIN": 0,
              "REGION_OF_INTEREST_BOTTOM_(IN_PIXELS)_MAX": 0,
              "REGION_OF_INTEREST_BOTTOM_(IN_PIXELS)_STEP": 0,
              "REGION_OF_INTEREST_BOTTOM_(IN_PIXELS)_DEFAULT": 0,
              "REGION_OF_INTEREST_BOTTOM_(IN_PIXELS)_CURRENT_VALUE": 0,
              "REGION_OF_INTEREST_BOTTOM_(IN_PIXELS)_REGISTER_ADDRESS": "",
              "REGION_OF_INTEREST_BOTTOM_(IN_PIXELS)_LENGTH": 0,
              "RESERVED": "FF"
            }
          },
          {
            "REGION_OF_INTEREST_RIGHT_(IN_PIXELS)": {
              "REGION_OF_INTEREST_RIGHT_(IN_PIXELS)_ENABLE": "Disable",
              "REGION_OF_INTEREST_RIGHT_(IN_PIXELS)_MIN": 0,
              "REGION_OF_INTEREST_RIGHT_(IN_PIXELS)_MAX": 0,
              "REGION_OF_INTEREST_RIGHT_(IN_PIXELS)_STEP": 0,
              "REGION_OF_INTEREST_RIGHT_(IN_PIXELS)_DEFAULT": 0,
              "REGION_OF_INTEREST_RIGHT_(IN_PIXELS)_CURRENT_VALUE": 0,
              "REGION_OF_INTEREST_RIGHT_(IN_PIXELS)_REGISTER_ADDRESS": "",
              "REGION_OF_INTEREST_RIGHT_(IN_PIXELS)_LENGTH": 0,
              "RESERVED": "FF"
            }
          },
          {
            "REGION_OF_INTEREST_AUTO_EXPOSURE": {
              "REGION_OF_INTEREST_AUTO_EXPOSURE_ENABLE": "Disable",
              "REGION_OF_INTEREST_AUTO_EXPOSURE_MIN": 0,
              "REGION_OF_INTEREST_AUTO_EXPOSURE_MAX": 0,
              "REGION_OF_INTEREST_AUTO_EXPOSURE_STEP": 0,
              "REGION_OF_INTEREST_AUTO_EXPOSURE_DEFAULT": 0,
              "REGION_OF_INTEREST_AUTO_EXPOSURE_CURRENT_VALUE": 0,
              "REGION_OF_INTEREST_AUTO_EXPOSURE_REGISTER_ADDRESS": "",
              "REGION_OF_INTEREST_AUTO_EXPOSURE_LENGTH": 0,
              "RESERVED": "FF"
            }
          },
          {
            "REGION_OF_INTEREST_AUTO_IRIS": {
              "REGION_OF_INTEREST_AUTO_IRIS_ENABLE": "Disable",
              "REGION_OF_INTEREST_AUTO_IRIS_MIN": 0,
              "REGION_OF_INTEREST_AUTO_IRIS_MAX": 0,
              "REGION_OF_INTEREST_AUTO_IRIS_STEP": 0,
              "REGION_OF_INTEREST_AUTO_IRIS_DEFAULT": 0,
              "REGION_OF_INTEREST_AUTO_IRIS_CURRENT_VALUE": 0,
              "REGION_OF_INTEREST_AUTO_IRIS_REGISTER_ADDRESS": "",
              "REGION_OF_INTEREST_AUTO_IRIS_LENGTH": 0,
              "RESERVED": "FF"
            }
          },
          {
            "REGION_OF_INTEREST_AUTO_WHITE_BALANCE": {
              "REGION_OF_INTEREST_AUTO_WHITE_BALANCE_ENABLE": "Disable",
              "REGION_OF_INTEREST_AUTO_WHITE_BALANCE_MIN": 0,
              "REGION_OF_INTEREST_AUTO_WHITE_BALANCE_MAX": 0,
              "REGION_OF_INTEREST_AUTO_WHITE_BALANCE_STEP": 0,
              "REGION_OF_INTEREST_AUTO_WHITE_BALANCE_DEFAULT": 0,
              "REGION_OF_INTEREST_AUTO_WHITE_BALANCE_CURRENT_VALUE": 0,
              "REGION_OF_INTEREST_AUTO_WHITE_BALANCE_REGISTER_ADDRESS": "",
              "REGION_OF_INTEREST_AUTO_WHITE_BALANCE_LENGTH": 0,
              "RESERVED": "FF"
            }
          },
          {
            "REGION_OF_INTEREST_AUTO_FOCUS": {
              "REGION_OF_INTEREST_AUTO_FOCUS_ENABLE": "Disable",
              "REGION_OF_INTEREST_AUTO_FOCUS_MIN": 0,
              "REGION_OF_INTEREST_AUTO_FOCUS_MAX": 0,
              "REGION_OF_INTEREST_AUTO_FOCUS_STEP": 0,
              "REGION_OF_INTEREST_AUTO_FOCUS_DEFAULT": 0,
              "REGION_OF_INTEREST_AUTO_FOCUS_CURRENT_VALUE": 0,
              "REGION_OF_INTEREST_AUTO_FOCUS_REGISTER_ADDRESS": "",
              "REGION_OF_INTEREST_AUTO_FOCUS_LENGTH": 0,
              "RESERVED": "FF"
            }
          },
          {
            "REGION_OF_INTEREST_AUTO_FACE_DETECT": {
              "REGION_OF_INTEREST_AUTO_FACE_DETECT_ENABLE": "Disable",
              "REGION_OF_INTEREST_AUTO_FACE_DETECT_MIN": 0,
              "REGION_OF_INTEREST_AUTO_FACE_DETECT_MAX": 0,
              "REGION_OF_INTEREST_AUTO_FACE_DETECT_STEP": 0,
              "REGION_OF_INTEREST_AUTO_FACE_DETECT_DEFAULT": 0,
              "REGION_OF_INTEREST_AUTO_FACE_DETECT_CURRENT_VALUE": 0,
              "REGION_OF_INTEREST_AUTO_FACE_DETECT_REGISTER_ADDRESS": "",
              "REGION_OF_INTEREST_AUTO_FACE_DETECT_LENGTH": 0,
              "RESERVED": "FF"
            }
          },
          {
            "REGION_OF_INTEREST_AUTO_DETECT_AND_TRACK": {
              "REGION_OF_INTEREST_AUTO_DETECT_AND_TRACK_ENABLE": "Disable",
              "REGION_OF_INTEREST_AUTO_DETECT_AND_TRACK_MIN": 0,
              "REGION_OF_INTEREST_AUTO_DETECT_AND_TRACK_MAX": 0,
              "REGION_OF_INTEREST_AUTO_DETECT_AND_TRACK_STEP": 0,
              "REGION_OF_INTEREST_AUTO_DETECT_AND_TRACK_DEFAULT": 0,
              "REGION_OF_INTEREST_AUTO_DETECT_AND_TRACK_CURRENT_VALUE": 0,
              "REGION_OF_INTEREST_AUTO_DETECT_AND_TRACK_REGISTER_ADDRESS": "",
              "REGION_OF_INTEREST_AUTO_DETECT_AND_TRACK_LENGTH": 0,
              "RESERVED": "FF"
            }
          },
          {
            "REGION_OF_INTEREST_IMAGE_STABILIZATION": {
              "REGION_OF_INTEREST_IMAGE_STABILIZATION_ENABLE": "Disable",
              "REGION_OF_INTEREST_IMAGE_STABILIZATION_MIN": 0,
              "REGION_OF_INTEREST_IMAGE_STABILIZATION_MAX": 0,
              "REGION_OF_INTEREST_IMAGE_STABILIZATION_STEP": 0,
              "REGION_OF_INTEREST_IMAGE_STABILIZATION_DEFAULT": 0,
              "REGION_OF_INTEREST_IMAGE_STABILIZATION_CURRENT_VALUE": 0,
              "REGION_OF_INTEREST_IMAGE_STABILIZATION_REGISTER_ADDRESS": "",
              "REGION_OF_INTEREST_IMAGE_STABILIZATION_LENGTH": 0,
              "RESERVED": "FF"
            }
          },
          {
            "REGION_OF_INTERESTHIGHER_QUALITY": {
              "REGION_OF_INTERESTHIGHER_QUALITY_ENABLE": "Disable",
              "REGION_OF_INTERESTHIGHER_QUALITY_MIN": 0,
              "REGION_OF_INTERESTHIGHER_QUALITY_MAX": 0,
              "REGION_OF_INTERESTHIGHER_QUALITY_STEP": 0,
              "REGION_OF_INTERESTHIGHER_QUALITY_DEFAULT": 0,
              "REGION_OF_INTERESTHIGHER_QUALITY_CURRENT_VALUE": 0,
              "REGION_OF_INTERESTHIGHER_QUALITY_REGISTER_ADDRESS": "",
              "REGION_OF_INTERESTHIGHER_QUALITY_LENGTH": 0,
              "RESERVED": "FF"
            }
          },
          {
            "WINDOW_CONTROL_TOP_(IN_PIXELS)": {
              "WINDOW_CONTROL_TOP_(IN_PIXELS)_ENABLE": "Disable",
              "WINDOW_CONTROL_TOP_(IN_PIXELS)_MIN": 0,
              "WINDOW_CONTROL_TOP_(IN_PIXELS)_MAX": 0,
              "WINDOW_CONTROL_TOP_(IN_PIXELS)_STEP": 0,
              "WINDOW_CONTROL_TOP_(IN_PIXELS)_DEFAULT": 0,
              "WINDOW_CONTROL_TOP_(IN_PIXELS)_CURRENT_VALUE": 0,
              "WINDOW_CONTROL_TOP_(IN_PIXELS)_REGISTER_ADDRESS": "",
              "WINDOW_CONTROL_TOP_(IN_PIXELS)_LENGTH": 0,
              "RESERVED": "FF"
            }
          },
          {
            "WINDOW_CONTROL_LEFT_(IN_PIXELS)": {
              "WINDOW_CONTROL_LEFT_(IN_PIXELS)_ENABLE": "Disable",
              "WINDOW_CONTROL_LEFT_(IN_PIXELS)_MIN": 0,
              "WINDOW_CONTROL_LEFT_(IN_PIXELS)_MAX": 0,
              "WINDOW_CONTROL_LEFT_(IN_PIXELS)_STEP": 0,
              "WINDOW_CONTROL_LEFT_(IN_PIXELS)_DEFAULT": 0,
              "WINDOW_CONTROL_LEFT_(IN_PIXELS)_CURRENT_VALUE": 0,
              "WINDOW_CONTROL_LEFT_(IN_PIXELS)_REGISTER_ADDRESS": "",
              "WINDOW_CONTROL_LEFT_(IN_PIXELS)_LENGTH": 0,
              "RESERVED": "FF"
            }
          },
          {
            "WINDOW_CONTROL_BOTTOM_(IN_PIXELS)": {
              "WINDOW_CONTROL_BOTTOM_(IN_PIXELS)_ENABLE": "Disable",
              "WINDOW_CONTROL_BOTTOM_(IN_PIXELS)_MIN": 0,
              "WINDOW_CONTROL_BOTTOM_(IN_PIXELS)_MAX": 0,
              "WINDOW_CONTROL_BOTTOM_(IN_PIXELS)_STEP": 0,
              "WINDOW_CONTROL_BOTTOM_(IN_PIXELS)_DEFAULT": 0,
              "WINDOW_CONTROL_BOTTOM_(IN_PIXELS)_CURRENT_VALUE": 0,
              "WINDOW_CONTROL_BOTTOM_(IN_PIXELS)_REGISTER_ADDRESS": "",
              "WINDOW_CONTROL_BOTTOM_(IN_PIXELS)_LENGTH": 0,
              "RESERVED": "FF"
            }
          },
          {
            "WINDOW_CONTROL_RIGHT_(IN_PIXELS)": {
              "WINDOW_CONTROL_RIGHT_(IN_PIXELS)_ENABLE": "Disable",
              "WINDOW_CONTROL_RIGHT_(IN_PIXELS)_MIN": 0,
              "WINDOW_CONTROL_RIGHT_(IN_PIXELS)_MAX": 0,
              "WINDOW_CONTROL_RIGHT_(IN_PIXELS)_STEP": 0,
              "WINDOW_CONTROL_RIGHT_(IN_PIXELS)_DEFAULT": 0,
              "WINDOW_CONTROL_RIGHT_(IN_PIXELS)_CURRENT_VALUE": 0,
              "WINDOW_CONTROL_RIGHT_(IN_PIXELS)_REGISTER_ADDRESS": "",
              "WINDOW_CONTROL_RIGHT_(IN_PIXELS)_LENGTH": 0,
              "RESERVED": "FF"
            }
          },
          {
            "WINDOW_CONTROL_NUMSTEPS_(IN_PIXELS)": {
              "WINDOW_CONTROL_NUMSTEPS_(IN_PIXELS)_ENABLE": "Disable",
              "WINDOW_CONTROL_NUMSTEPS_(IN_PIXELS)_MIN": 0,
              "WINDOW_CONTROL_NUMSTEPS_(IN_PIXELS)_MAX": 0,
              "WINDOW_CONTROL_NUMSTEPS_(IN_PIXELS)_STEP": 0,
              "WINDOW_CONTROL_NUMSTEPS_(IN_PIXELS)_DEFAULT": 0,
              "WINDOW_CONTROL_NUMSTEPS_(IN_PIXELS)_CURRENT_VALUE": 0,
              "WINDOW_CONTROL_NUMSTEPS_(IN_PIXELS)_REGISTER_ADDRESS": "",
              "WINDOW_CONTROL_NUMSTEPS_(IN_PIXELS)_LENGTH": 0,
              "RESERVED": "FF"
            }
          },
          {
            "WINDOW_CONTROL_NUMSTEPSUNITS_(IN_PIXELS)": {
              "WINDOW_CONTROL_NUMSTEPSUNITS_(IN_PIXELS)_ENABLE": "Disable",
              "WINDOW_CONTROL_NUMSTEPSUNITS_(IN_PIXELS)_MIN": 0,
              "WINDOW_CONTROL_NUMSTEPSUNITS_(IN_PIXELS)_MAX": 0,
              "WINDOW_CONTROL_NUMSTEPSUNITS_(IN_PIXELS)_STEP": 0,
              "WINDOW_CONTROL_NUMSTEPSUNITS_(IN_PIXELS)_DEFAULT": 0,
              "WINDOW_CONTROL_NUMSTEPSUNITS_(IN_PIXELS)_CURRENT_VALUE": 0,
              "WINDOW_CONTROL_NUMSTEPSUNITS_(IN_PIXELS)_REGISTER_ADDRESS": "",
              "WINDOW_CONTROL_NUMSTEPSUNITS_(IN_PIXELS)_LENGTH": 0,
              "RESERVED": "FF"
            }
          }
        ]
      },
      "PROCESSING_UNIT_CONTROL": {
        "PROCESSING_UNIT_ENABLED_CONTROLS_BITMASK": "0b00000000000000000000000000000001",
        "PROCESSING_UNIT_CONTROLS": [
          {
            "BRIGHTNESS": {
              "BRIGHTNESS_ENABLE": "Enable",
              "BRIGHTNESS_MIN": 1,
              "BRIGHTNESS_MAX": 255,
              "BRIGHTNESS_STEP": 1,
              "BRIGHTNESS_DEFAULT": 55,
              "BRIGHTNESS_CURRENT_VALUE": 0,
              "BRIGHTNESS_REGISTER_ADDRESS": "0xcc0a",
              "BRIGHTNESS_LENGTH": 2,
              "RESERVED": "FF"
            }
          },
          {
            "CONTRAST": {
              "CONTRAST_ENABLE": "Disable",
              "CONTRAST_MIN": 0,
              "CONTRAST_MAX": 0,
              "CONTRAST_STEP": 0,
              "CONTRAST_DEFAULT": 0,
              "CONTRAST_CURRENT_VALUE": 0,
              "CONTRAST_REGISTER_ADDRESS": "",
              "CONTRAST_LENGTH": 0,
              "RESERVED": "FF"
            }
          },
          {
            "SATURATION": {
              "SATURATION_ENABLE": "Disable",
              "SATURATION_MIN": 0,
              "SATURATION_MAX": 0,
              "SATURATION_STEP": 0,
              "SATURATION_DEFAULT": 0,
              "SATURATION_CURRENT_VALUE": 0,
              "SATURATION_REGISTER_ADDRESS": "",
              "SATURATION_LENGTH": 0,
              "RESERVED": "FF"
            }
          },
          {
            "HUE": {
              "HUE_ENABLE": "Disable",
              "HUE_MIN": 0,
              "HUE_MAX": 0,
              "HUE_STEP": 0,
              "HUE_DEFAULT": 0,
              "HUE_CURRENT_VALUE": 0,
              "HUE_REGISTER_ADDRESS": "",
              "HUE_LENGTH": 0,
              "RESERVED": "FF"
            }
          },
          {
            "SHARPNESS": {
              "SHARPNESS_ENABLE": "Disable",
              "SHARPNESS_MIN": 0,
              "SHARPNESS_MAX": 0,
              "SHARPNESS_STEP": 0,
              "SHARPNESS_DEFAULT": 0,
              "SHARPNESS_CURRENT_VALUE": 0,
              "SHARPNESS_REGISTER_ADDRESS": "",
              "SHARPNESS_LENGTH": 0,
              "RESERVED": "FF"
            }
          },
          {
            "GAMMA": {
              "GAMMA_ENABLE": "Disable",
              "GAMMA_MIN": 0,
              "GAMMA_MAX": 0,
              "GAMMA_STEP": 0,
              "GAMMA_DEFAULT": 0,
              "GAMMA_CURRENT_VALUE": 0,
              "GAMMA_REGISTER_ADDRESS": "",
              "GAMMA_LENGTH": 0,
              "RESERVED": "FF"
            }
          },
          {
            "WHITE_BALANCE_TEMPERATURE": {
              "WHITE_BALANCE_TEMPERATURE_ENABLE": "Disable",
              "WHITE_BALANCE_TEMPERATURE_MIN": 0,
              "WHITE_BALANCE_TEMPERATURE_MAX": 0,
              "WHITE_BALANCE_TEMPERATURE_STEP": 0,
              "WHITE_BALANCE_TEMPERATURE_DEFAULT": 0,
              "WHITE_BALANCE_TEMPERATURE_CURRENT_VALUE": 0,
              "WHITE_BALANCE_TEMPERATURE_REGISTER_ADDRESS": "",
              "WHITE_BALANCE_TEMPERATURE_LENGTH": 0,
              "RESERVED": "FF"
            }
          },
          {
            "WHITE_BALANCE_COMPONENT": {
              "WHITE_BALANCE_COMPONENT_ENABLE": "Disable",
              "WHITE_BALANCE_COMPONENT_MIN": 0,
              "WHITE_BALANCE_COMPONENT_MAX": 0,
              "WHITE_BALANCE_COMPONENT_STEP": 0,
              "WHITE_BALANCE_COMPONENT_DEFAULT": 0,
              "WHITE_BALANCE_COMPONENT_CURRENT_VALUE": 0,
              "WHITE_BALANCE_COMPONENT_REGISTER_ADDRESS": "",
              "WHITE_BALANCE_COMPONENT_LENGTH": 0,
              "RESERVED": "FF"
            }
          },
          {
            "BACKLIGHT_COMPENSATION": {
              "BACKLIGHT_COMPENSATION_ENABLE": "Disable",
              "BACKLIGHT_COMPENSATION_MIN": 0,
              "BACKLIGHT_COMPENSATION_MAX": 0,
              "BACKLIGHT_COMPENSATION_STEP": 0,
              "BACKLIGHT_COMPENSATION_DEFAULT": 0,
              "BACKLIGHT_COMPENSATION_CURRENT_VALUE": 0,
              "BACKLIGHT_COMPENSATION_REGISTER_ADDRESS": "",
              "BACKLIGHT_COMPENSATION_LENGTH": 0,
              "RESERVED": "FF"
            }
          },
          {
            "GAIN": {
              "GAIN_ENABLE": "Disable",
              "GAIN_MIN": 0,
              "GAIN_MAX": 0,
              "GAIN_STEP": 0,
              "GAIN_DEFAULT": 0,
              "GAIN_CURRENT_VALUE": 0,
              "GAIN_REGISTER_ADDRESS": "",
              "GAIN_LENGTH": 0,
              "RESERVED": "FF"
            }
          },
          {
            "POWER_LINE_FREQUENCY": {
              "POWER_LINE_FREQUENCY_ENABLE": "Disable",
              "POWER_LINE_FREQUENCY_MIN": 0,
              "POWER_LINE_FREQUENCY_MAX": 0,
              "POWER_LINE_FREQUENCY_STEP": 0,
              "POWER_LINE_FREQUENCY_DEFAULT": 0,
              "POWER_LINE_FREQUENCY_CURRENT_VALUE": 0,
              "POWER_LINE_FREQUENCY_REGISTER_ADDRESS": "",
              "POWER_LINE_FREQUENCY_LENGTH": 0,
              "RESERVED": "FF"
            }
          },
          {
            "HUE,_AUTO": {
              "HUE,_AUTO_ENABLE": "Disable",
              "HUE,_AUTO_MIN": 0,
              "HUE,_AUTO_MAX": 0,
              "HUE,_AUTO_STEP": 0,
              "HUE,_AUTO_DEFAULT": 0,
              "HUE,_AUTO_CURRENT_VALUE": 0,
              "HUE,_AUTO_REGISTER_ADDRESS": "",
              "HUE,_AUTO_LENGTH": 0,
              "RESERVED": "FF"
            }
          },
          {
            "WHITE_BALANCE_TEMPERATURE,_AUTO": {
              "WHITE_BALANCE_TEMPERATURE,_AUTO_ENABLE": "Disable",
              "WHITE_BALANCE_TEMPERATURE,_AUTO_MIN": 0,
              "WHITE_BALANCE_TEMPERATURE,_AUTO_MAX": 0,
              "WHITE_BALANCE_TEMPERATURE,_AUTO_STEP": 0,
              "WHITE_BALANCE_TEMPERATURE,_AUTO_DEFAULT": 0,
              "WHITE_BALANCE_TEMPERATURE,_AUTO_CURRENT_VALUE": 0,
              "WHITE_BALANCE_TEMPERATURE,_AUTO_REGISTER_ADDRESS": "",
              "WHITE_BALANCE_TEMPERATURE,_AUTO_LENGTH": 0,
              "RESERVED": "FF"
            }
          },
          {
            "WHITE_BALANCE_COMPONENT,_AUTO": {
              "WHITE_BALANCE_COMPONENT,_AUTO_ENABLE": "Disable",
              "WHITE_BALANCE_COMPONENT,_AUTO_MIN": 0,
              "WHITE_BALANCE_COMPONENT,_AUTO_MAX": 0,
              "WHITE_BALANCE_COMPONENT,_AUTO_STEP": 0,
              "WHITE_BALANCE_COMPONENT,_AUTO_DEFAULT": 0,
              "WHITE_BALANCE_COMPONENT,_AUTO_CURRENT_VALUE": 0,
              "WHITE_BALANCE_COMPONENT,_AUTO_REGISTER_ADDRESS": "",
              "WHITE_BALANCE_COMPONENT,_AUTO_LENGTH": 0,
              "RESERVED": "FF"
            }
          }
        ]
      },
      "EXTENSION_UNIT_CONTROL": {
        "DEVICE_RESET_VENDOR_COMMAND_ENABLED": "Disable",
        "I2C_READ_VENDOR_COMMAND_ENABLED": "Disable",
        "I2C_WRITE_VENDOR_COMMAND_ENABLED": "Disable",
        "FIRMWARE_VERSION_VENDOR_COMMAND_ENABLED": "Disable"
      },
      "RESERVED": "FF"
    }
  ]
}