{
   "SX3_configuration":{
      "Device_Settings":{
         "USB_Settings":{
            "Vendor_ID":"04b4",
            "Product_ID":"1234",
            "Manufacturer":"Cypress",
            "Product_String":"SX3",
            "":"", //Refer to GUI template/Config table excel sheet for key value pair values
            "":"",
            "":"",
            "":"",
            "":"",
            "":"",
            "":"",
            "":""
         },
         "GPIO":{
            "GPIO_1":"PWM",
            "GPIO_2":"Configuration_done",
            "GPIO_3":"Focus_button",
            "GPIO_4":"Not used",
            "GPIO_5":"Not used",
            "GPIO_6":"Not used",
            "GPIO_7":"Not used"
         },
         "Debug":{
            "Debug Enable":"Yes",
            "Debug Level":"2"
         }
      },
      "UVC/UAC_Settings":{
      		//Refer to GUI template/Config table excel sheet for key value pair values
      },
      "FIFO_Master_settings":{
      		//Refer to GUI template/Config table excel sheet for key value pair values
      },
      "Video_Source_Configuration":{
      		//Refer to GUI template/Config table excel sheet for key value pair values
      }
   }
}